{
  "XGBoost": {
    "roc_auc": 0.732408417730482,
    "pr_auc": 0.4465232790736704,
    "accuracy": 0.6959656389016721,
    "precision": 0.43056410256410255,
    "recall": 0.6385762093094006,
    "f1_score": 0.5143347218818917,
    "specificity": 0.715311250128192,
    "sensitivity": 0.6385762093094006,
    "confusion_matrix": [
      [
        6975,
        2776
      ],
      [
        1188,
        2099
      ]
    ]
  },
  "NN Simple": {
    "roc_auc": 0.6262124652555663,
    "pr_auc": 0.32346211872987307,
    "accuracy": 0.4318146955054456,
    "precision": 0.2974938574938575,
    "recall": 0.9209005171889261,
    "f1_score": 0.4497102956470064,
    "specificity": 0.26694697979694393,
    "sensitivity": 0.9209005171889261,
    "confusion_matrix": [
      [
        2603,
        7148
      ],
      [
        260,
        3027
      ]
    ]
  },
  "NN Avanc\u00e9": {
    "roc_auc": 0.632480043000746,
    "pr_auc": 0.32600956984109564,
    "accuracy": 0.43281178094799816,
    "precision": 0.2986669280533229,
    "recall": 0.9269850927897779,
    "f1_score": 0.4517755207947216,
    "specificity": 0.2662291047072095,
    "sensitivity": 0.9269850927897779,
    "confusion_matrix": [
      [
        2596,
        7155
      ],
      [
        240,
        3047
      ]
    ]
  }
}